Gene ID,PF3D7_0106300,PF3D7_0106300,PF3D7_0106300,PF3D7_0106300,PF3D7_0106300,PF3D7_0304600,PF3D7_0304600,PF3D7_0304600,PF3D7_0304600,PF3D7_0304600,PF3D7_0304600,PF3D7_0304600,PF3D7_0304600,PF3D7_0304600,PF3D7_0304600,PF3D7_0304600,PF3D7_0304600,PF3D7_0417200,PF3D7_0417200,PF3D7_0417200,PF3D7_0417200,PF3D7_0417200,PF3D7_0417200,PF3D7_0523000,PF3D7_0523000,PF3D7_0523000,PF3D7_0523000,PF3D7_0523000,PF3D7_0709000,PF3D7_0709000,PF3D7_0709000,PF3D7_0709000,PF3D7_0709000,PF3D7_0709000,PF3D7_0709000,PF3D7_0709000,PF3D7_0709000,PF3D7_0709000,PF3D7_0709000,PF3D7_0720700,PF3D7_0810800,PF3D7_0810800,PF3D7_0810800,PF3D7_0810800,PF3D7_0810800,PF3D7_0810800,PF3D7_0810800,PF3D7_0810800,PF3D7_1012700,PF3D7_1012700,PF3D7_1012700,PF3D7_1012700,PF3D7_1133400,PF3D7_1133400,PF3D7_1133400,PF3D7_1133400,PF3D7_1133400,PF3D7_1133400,PF3D7_1133400,PF3D7_1133400,PF3D7_1133400,PF3D7_1133400,PF3D7_1133400,PF3D7_1133400,PF3D7_1133400,PF3D7_1133400,PF3D7_1133400,PF3D7_1133400,PF3D7_1133400,PF3D7_1133400,PF3D7_1133400,PF3D7_1133400,PF3D7_1133400,PF3D7_1133400,PF3D7_1133400,PF3D7_1133400,PF3D7_1133400,PF3D7_1133400,PF3D7_1133400,PF3D7_1133400,PF3D7_1133400,PF3D7_1133400,PF3D7_1133400,PF3D7_1133400,PF3D7_1133400,PF3D7_1133400,PF3D7_1133400,PF3D7_1133400,PF3D7_1133400,PF3D7_1133400,PF3D7_1133400,PF3D7_1133400,PF3D7_1133400,PF3D7_1133400,PF3D7_1133400,PF3D7_1133400,PF3D7_1133400,PF3D7_1318100,PF3D7_1322700,PF3D7_1322700,PF3D7_1335900,PF3D7_1335900,PF3D7_1335900,PF3D7_1335900,PF3D7_1335900,PF3D7_1335900,PF3D7_1335900,PF3D7_1343700,PF3D7_1343700,PF3D7_1343700,PF3D7_1343700,PF3D7_1343700,PF3D7_1343700,PF3D7_1410400,PF3D7_1447900,PF3D7_1447900,PF3D7_1447900,PF3D7_1451200,mal_mito_3,mal_mito_3,mal_mito_3,mal_mito_3
Gene,atp6,atp6,atp6,atp6,atp6,PF3D7_0304600,PF3D7_0304600,PF3D7_0304600,PF3D7_0304600,PF3D7_0304600,PF3D7_0304600,PF3D7_0304600,PF3D7_0304600,PF3D7_0304600,PF3D7_0304600,PF3D7_0304600,PF3D7_0304600,dhfr-ts,dhfr-ts,dhfr-ts,dhfr-ts,dhfr-ts,dhfr-ts,mdr1,mdr1,mdr1,mdr1,mdr1,crt,crt,crt,crt,crt,crt,crt,crt,crt,crt,crt,pib7,dhps,dhps,dhps,dhps,dhps,dhps,dhps,dhps,pph,pph,pph,pph,PF3D7_1133400,PF3D7_1133400,PF3D7_1133400,PF3D7_1133400,PF3D7_1133400,PF3D7_1133400,PF3D7_1133400,PF3D7_1133400,PF3D7_1133400,PF3D7_1133400,PF3D7_1133400,PF3D7_1133400,PF3D7_1133400,PF3D7_1133400,PF3D7_1133400,PF3D7_1133400,PF3D7_1133400,PF3D7_1133400,PF3D7_1133400,PF3D7_1133400,PF3D7_1133400,PF3D7_1133400,PF3D7_1133400,PF3D7_1133400,PF3D7_1133400,PF3D7_1133400,PF3D7_1133400,PF3D7_1133400,PF3D7_1133400,PF3D7_1133400,PF3D7_1133400,PF3D7_1133400,PF3D7_1133400,PF3D7_1133400,PF3D7_1133400,PF3D7_1133400,PF3D7_1133400,PF3D7_1133400,PF3D7_1133400,PF3D7_1133400,PF3D7_1133400,PF3D7_1133400,PF3D7_1133400,PF3D7_1133400,PF3D7_1133400,fd,PF3D7-1322700,PF3D7-1322700,PF3D7_1335900,PF3D7_1335900,PF3D7_1335900,PF3D7_1335900,PF3D7_1335900,PF3D7_1335900,PF3D7_1335900,k13,k13,k13,k13,k13,k13,PF3D7_1410400,mdr2,mdr2,mdr2,PF3D7-1451200,cytb,cytb,cytb,cytb
Mutation Name,atp6-Ala623Glu,atp6-Glu431Lys,atp6-Gly639Asp,atp6-Ser466Asn,atp6-Ser769Asn,PF3D7_0304600-Ala361Glu,PF3D7_0304600-Ala98Gly,PF3D7_0304600-Asn321Lys,PF3D7_0304600-Asn352Gly,PF3D7_0304600-Asn80_Glu81insAsnAsnGlyAspAsnGlyArgGluGlyLysAspGluAspLysArgAspGlyAsnAsn,PF3D7_0304600-Asp288Asn,PF3D7_0304600-Gln324Lys,PF3D7_0304600-Glu318Gln,PF3D7_0304600-Leu327Ile,PF3D7_0304600-Lys317Glu,PF3D7_0304600-Pro354Ser,PF3D7_0304600-Ser301Asn,dhfr-ts-Ala16Val,dhfr-ts-Asn51Ile,dhfr-ts-Cys59Arg,dhfr-ts-Ile164Leu,dhfr-ts-Ser108Asn,dhfr-ts-Ser108Thr,mdr1-Asn1042Asp,mdr1-Asn86Tyr,mdr1-Asp1246Tyr,mdr1-Ser1034Cys,mdr1-Tyr184Phe,crt-Ala220Ser,crt-Asn326Asp,crt-Asn326Ser,crt-Asn75Glu,crt-Cys72Ser,crt-His97Leu,crt-His97Tyr,crt-Ile356Leu,crt-Ile356Thr,crt-Lys76Thr,crt-Met74Ile,pib7-Cys1484Phe,dhps-Ala437Gly,dhps-Ala581Gly,dhps-Ala613Ser,dhps-Ala613Thr,dhps-Ile431Val,dhps-Lys540Glu,dhps-Ser436Ala,dhps-Ser436Phe,pph-Asn1189_Asn1194del,pph-Asn1192_Asn1194del,pph-Asn1192_Asn1194dup,pph-Val1157Leu,PF3D7_1133400-Arg39His,PF3D7_1133400-Arg503Asn,PF3D7_1133400-Arg512Lys,PF3D7_1133400-Asn162Lys,PF3D7_1133400-Asn34Lys,PF3D7_1133400-Asn439His,PF3D7_1133400-Asp204Asn,PF3D7_1133400-Asp242Tyr,PF3D7_1133400-Asp584His,PF3D7_1133400-Gln285Glu,PF3D7_1133400-Gln308Glu,PF3D7_1133400-Glu121Lys,PF3D7_1133400-Glu187Asn,PF3D7_1133400-Glu187Lys,PF3D7_1133400-Glu197Asp,PF3D7_1133400-Glu197Gln,PF3D7_1133400-Glu197His,PF3D7_1133400-Glu405Lys,PF3D7_1133400-Glu581Gln,PF3D7_1133400-Gly172Glu,PF3D7_1133400-His200Asp,PF3D7_1133400-His200Leu,PF3D7_1133400-His393Arg,PF3D7_1133400-Ile225Asn,PF3D7_1133400-Ile282Lys,PF3D7_1133400-Ile332Asn,PF3D7_1133400-Ile435Asn,PF3D7_1133400-Lys206Glu,PF3D7_1133400-Lys243Asn,PF3D7_1133400-Lys243Glu,PF3D7_1133400-Lys300Glu,PF3D7_1133400-Lys485Ile,PF3D7_1133400-Lys544Asn,PF3D7_1133400-Met190Ile,PF3D7_1133400-Met451Lys,PF3D7_1133400-Met496Ile,PF3D7_1133400-Phe201Leu,PF3D7_1133400-Pro330Ser,PF3D7_1133400-Pro434His,PF3D7_1133400-Pro48Ser,PF3D7_1133400-Ser283Leu,PF3D7_1133400-Thr167Lys,PF3D7_1133400-Thr404Arg,PF3D7_1133400-Tyr175Asp,PF3D7_1133400-Tyr207Asp,fd-Asp193Tyr,PF3D7-1322700-Asn268_Tyr279del,PF3D7-1322700-Thr236Ile,PF3D7_1335900-Arg98Lys,PF3D7_1335900-Asn66Lys,PF3D7_1335900-Asp83Glu,PF3D7_1335900-Lys130Arg,PF3D7_1335900-Ser91Asn,PF3D7_1335900-Thr134Ser,PF3D7_1335900-Val92Ile,k13-Arg539Thr,k13-Cys580Tyr,k13-Ile543Thr,k13-Lys189Thr,k13-Met476Ile,k13-Tyr493His,PF3D7_1410400-Leu142Ser,mdr2-Ile492Val,mdr2-Phe423Tyr,mdr2-Thr484Ile,PF3D7-1451200-Asn71Asn,cytb-Met133Ile,cytb-Tyr268Asn,cytb-Tyr268Cys,cytb-Tyr268Ser
ExonicFunc,missense_variant,missense_variant,missense_variant,missense_variant,missense_variant,missense_variant,missense_variant,missense_variant,missense_variant,disruptive_inframe_insertion,missense_variant,missense_variant,missense_variant,missense_variant,missense_variant,missense_variant,missense_variant,missense_variant,missense_variant,missense_variant,missense_variant,missense_variant,missense_variant,missense_variant,missense_variant,missense_variant,missense_variant,missense_variant,missense_variant,missense_variant,missense_variant,missense_variant,missense_variant,missense_variant,missense_variant,missense_variant,missense_variant,missense_variant,missense_variant,missense_variant,missense_variant,missense_variant,missense_variant,missense_variant,missense_variant,missense_variant,missense_variant,missense_variant,disruptive_inframe_deletion,disruptive_inframe_deletion,disruptive_inframe_insertion,missense_variant,missense_variant,missense_variant,missense_variant,missense_variant,missense_variant,missense_variant,missense_variant,missense_variant,missense_variant,missense_variant,missense_variant,missense_variant,missense_variant,missense_variant,missense_variant,missense_variant,missense_variant,missense_variant,missense_variant,missense_variant,missense_variant,missense_variant,missense_variant,missense_variant,missense_variant,missense_variant,missense_variant,missense_variant,missense_variant,missense_variant,missense_variant,missense_variant,missense_variant,missense_variant,missense_variant,missense_variant,missense_variant,missense_variant,missense_variant,missense_variant,missense_variant,missense_variant,missense_variant,missense_variant,missense_variant,missense_variant,conservative_inframe_deletion,missense_variant,missense_variant,missense_variant,missense_variant,missense_variant,missense_variant,missense_variant,missense_variant,missense_variant,missense_variant,missense_variant,missense_variant,missense_variant,missense_variant,missense_variant,missense_variant,missense_variant,missense_variant,synonymous_variant,missense_variant,missense_variant,missense_variant,missense_variant
AA Change,Ala623Glu,Glu431Lys,Gly639Asp,Ser466Asn,Ser769Asn,Ala361Glu,Ala98Gly,Asn321Lys,Asn352Gly,Asn80_Glu81insAsnAsnGlyAspAsnGlyArgGluGlyLysAspGluAspLysArgAspGlyAsnAsn,Asp288Asn,Gln324Lys,Glu318Gln,Leu327Ile,Lys317Glu,Pro354Ser,Ser301Asn,Ala16Val,Asn51Ile,Cys59Arg,Ile164Leu,Ser108Asn,Ser108Thr,Asn1042Asp,Asn86Tyr,Asp1246Tyr,Ser1034Cys,Tyr184Phe,Ala220Ser,Asn326Asp,Asn326Ser,Asn75Glu,Cys72Ser,His97Leu,His97Tyr,Ile356Leu,Ile356Thr,Lys76Thr,Met74Ile,Cys1484Phe,Ala437Gly,Ala581Gly,Ala613Ser,Ala613Thr,Ile431Val,Lys540Glu,Ser436Ala,Ser436Phe,Asn1189_Asn1194del,Asn1192_Asn1194del,Asn1192_Asn1194dup,Val1157Leu,Arg39His,Arg503Asn,Arg512Lys,Asn162Lys,Asn34Lys,Asn439His,Asp204Asn,Asp242Tyr,Asp584His,Gln285Glu,Gln308Glu,Glu121Lys,Glu187Asn,Glu187Lys,Glu197Asp,Glu197Gln,Glu197His,Glu405Lys,Glu581Gln,Gly172Glu,His200Asp,His200Leu,His393Arg,Ile225Asn,Ile282Lys,Ile332Asn,Ile435Asn,Lys206Glu,Lys243Asn,Lys243Glu,Lys300Glu,Lys485Ile,Lys544Asn,Met190Ile,Met451Lys,Met496Ile,Phe201Leu,Pro330Ser,Pro434His,Pro48Ser,Ser283Leu,Thr167Lys,Thr404Arg,Tyr175Asp,Tyr207Asp,Asp193Tyr,Asn268_Tyr279del,Thr236Ile,Arg98Lys,Asn66Lys,Asp83Glu,Lys130Arg,Ser91Asn,Thr134Ser,Val92Ile,Arg539Thr,Cys580Tyr,Ile543Thr,Lys189Thr,Met476Ile,Tyr493His,Leu142Ser,Ile492Val,Phe423Tyr,Thr484Ile,Asn71Asn,Met133Ile,Tyr268Asn,Tyr268Cys,Tyr268Ser
Targeted,Yes,Yes,No,No,Yes,No,No,No,No,No,No,No,No,No,No,No,No,Yes,Yes,Yes,Yes,Yes,Yes,Yes,Yes,Yes,Yes,Yes,Yes,No,Yes,Yes,Yes,Yes,Yes,No,Yes,Yes,Yes,Yes,Yes,Yes,Yes,Yes,Yes,Yes,Yes,Yes,No,No,No,Yes,No,No,No,No,No,No,No,No,No,No,No,No,No,No,No,No,No,No,No,No,No,No,No,No,No,No,No,No,No,No,No,No,No,No,No,No,No,No,No,No,No,No,No,No,No,Yes,No,Yes,No,No,No,No,No,No,No,Yes,Yes,Yes,No,Yes,Yes,No,No,No,Yes,Yes,Yes,Yes,Yes,Yes
D10-JJJ-23,608.0,699.0,608.0,237.0,73.0,843.0,484.0,843.0,843.0,0.0,843.0,843.0,843.0,843.0,843.0,843.0,843.0,637.0,990.0,990.0,61.0,1051.0,1051.0,408.0,263.0,219.0,408.0,414.0,23.0,54.0,54.0,1824.0,1824.0,1824.0,1824.0,569.0,569.0,1824.0,1824.0,99.0,274.0,236.0,0.0,0.0,274.0,236.0,274.0,274.0,124.0,124.0,124.0,124.0,374.0,733.0,733.0,255.0,374.0,643.0,626.0,626.0,371.0,774.0,774.0,629.0,626.0,626.0,626.0,626.0,626.0,684.0,371.0,255.0,626.0,626.0,684.0,626.0,774.0,403.0,643.0,626.0,626.0,626.0,774.0,362.0,733.0,626.0,643.0,733.0,626.0,403.0,643.0,374.0,774.0,255.0,684.0,255.0,626.0,197.0,0.0,20.0,790.0,790.0,790.0,790.0,790.0,790.0,790.0,454.0,676.0,454.0,135.0,454.0,454.0,611.0,149.0,149.0,149.0,203.0,375.0,709.0,709.0,709.0
D10-JJJ-43,20.0,30.0,20.0,0.0,2.0,22.0,0.0,22.0,0.0,0.0,0.0,0.0,22.0,0.0,22.0,0.0,22.0,24.0,29.0,29.0,7.0,36.0,36.0,26.0,10.0,10.0,0.0,12.0,1.0,0.0,10.0,74.0,74.0,74.0,74.0,15.0,15.0,74.0,74.0,9.0,11.0,13.0,13.0,13.0,11.0,13.0,11.0,11.0,7.0,7.0,7.0,0.0,0.0,42.0,42.0,3.0,0.0,46.0,13.0,0.0,13.0,0.0,19.0,9.0,13.0,13.0,0.0,0.0,0.0,0.0,0.0,3.0,13.0,0.0,26.0,13.0,0.0,9.0,46.0,0.0,13.0,0.0,0.0,29.0,0.0,0.0,46.0,42.0,0.0,9.0,46.0,0.0,0.0,3.0,0.0,3.0,0.0,0.0,0.0,0.0,0.0,22.0,0.0,0.0,0.0,22.0,0.0,7.0,5.0,7.0,13.0,7.0,7.0,3.0,1.0,1.0,1.0,4.0,3.0,10.0,10.0,10.0
D10-JJJ-55,158.0,242.0,158.0,61.0,14.0,299.0,0.0,299.0,299.0,0.0,299.0,299.0,299.0,299.0,299.0,0.0,299.0,183.0,319.0,319.0,6.0,325.0,325.0,100.0,0.0,15.0,100.0,104.0,2.0,26.0,26.0,654.0,654.0,654.0,654.0,283.0,283.0,654.0,654.0,3.0,42.0,30.0,30.0,30.0,42.0,30.0,42.0,42.0,4.0,4.0,4.0,4.0,154.0,261.0,261.0,84.0,154.0,178.0,159.0,0.0,176.0,158.0,158.0,238.0,159.0,159.0,159.0,159.0,159.0,176.0,176.0,0.0,159.0,159.0,176.0,159.0,158.0,83.0,178.0,159.0,159.0,0.0,158.0,85.0,261.0,159.0,178.0,261.0,159.0,83.0,178.0,154.0,158.0,0.0,176.0,84.0,159.0,60.0,8.0,8.0,318.0,0.0,318.0,318.0,318.0,318.0,318.0,143.0,227.0,143.0,4.0,143.0,143.0,182.0,29.0,29.0,0.0,29.0,156.0,438.0,438.0,438.0
D10-JJJ-5,2.0,9.0,2.0,1.0,1.0,19.0,0.0,19.0,0.0,8.0,0.0,19.0,19.0,19.0,19.0,0.0,19.0,2.0,4.0,4.0,0.0,4.0,4.0,2.0,5.0,1.0,2.0,5.0,0.0,1.0,1.0,0.0,0.0,33.0,33.0,0.0,10.0,0.0,0.0,0.0,2.0,0.0,0.0,0.0,2.0,0.0,2.0,2.0,0.0,0.0,0.0,0.0,0.0,6.0,6.0,1.0,0.0,0.0,0.0,0.0,5.0,1.0,1.0,4.0,0.0,0.0,0.0,0.0,0.0,0.0,5.0,1.0,0.0,2.0,1.0,0.0,1.0,0.0,2.0,0.0,0.0,0.0,1.0,1.0,6.0,0.0,0.0,6.0,2.0,0.0,2.0,0.0,1.0,0.0,0.0,1.0,0.0,0.0,0.0,0.0,0.0,16.0,0.0,0.0,0.0,0.0,0.0,5.0,10.0,5.0,0.0,5.0,5.0,0.0,0.0,0.0,0.0,2.0,7.0,5.0,5.0,5.0
D10-JJJ-47,1.0,2.0,1.0,0.0,0.0,4.0,0.0,4.0,0.0,0.0,0.0,4.0,4.0,4.0,4.0,0.0,4.0,1.0,2.0,2.0,0.0,0.0,0.0,0.0,0.0,0.0,1.0,1.0,0.0,1.0,0.0,24.0,24.0,24.0,24.0,6.0,6.0,24.0,24.0,1.0,2.0,0.0,0.0,0.0,2.0,0.0,2.0,2.0,2.0,2.0,2.0,2.0,0.0,3.0,3.0,0.0,0.0,3.0,0.0,0.0,2.0,2.0,2.0,4.0,0.0,0.0,0.0,0.0,0.0,4.0,2.0,0.0,0.0,0.0,4.0,0.0,2.0,2.0,3.0,0.0,0.0,0.0,2.0,1.0,3.0,0.0,3.0,3.0,0.0,2.0,3.0,0.0,2.0,0.0,4.0,0.0,0.0,0.0,0.0,0.0,0.0,8.0,0.0,0.0,0.0,8.0,0.0,3.0,5.0,3.0,1.0,3.0,3.0,0.0,1.0,1.0,1.0,0.0,1.0,0.0,0.0,0.0
D10-JJJ-15,129.0,190.0,0.0,0.0,22.0,272.0,0.0,272.0,272.0,0.0,272.0,272.0,272.0,272.0,272.0,272.0,272.0,147.0,217.0,217.0,9.0,226.0,226.0,62.0,0.0,29.0,62.0,80.0,12.0,30.0,30.0,616.0,616.0,616.0,616.0,223.0,223.0,616.0,616.0,23.0,61.0,51.0,51.0,51.0,61.0,51.0,61.0,61.0,23.0,23.0,23.0,23.0,94.0,188.0,188.0,76.0,94.0,137.0,132.0,0.0,116.0,132.0,132.0,170.0,132.0,132.0,132.0,132.0,132.0,141.0,0.0,76.0,132.0,132.0,141.0,132.0,0.0,76.0,137.0,132.0,132.0,0.0,132.0,72.0,188.0,132.0,137.0,188.0,132.0,76.0,137.0,94.0,0.0,76.0,141.0,76.0,132.0,0.0,7.0,7.0,277.0,277.0,277.0,277.0,277.0,277.0,277.0,138.0,171.0,138.0,22.0,138.0,138.0,194.0,28.0,28.0,28.0,35.0,105.0,170.0,170.0,170.0
D10-JJJ-27,0.0,8.0,0.0,0.0,0.0,7.0,8.0,7.0,0.0,8.0,0.0,0.0,7.0,0.0,7.0,0.0,7.0,4.0,0.0,8.0,1.0,9.0,9.0,8.0,0.0,4.0,8.0,0.0,0.0,2.0,2.0,0.0,0.0,22.0,22.0,4.0,4.0,0.0,0.0,1.0,0.0,1.0,1.0,1.0,5.0,1.0,5.0,5.0,0.0,0.0,0.0,0.0,0.0,1.0,1.0,0.0,0.0,0.0,0.0,0.0,1.0,0.0,0.0,0.0,0.0,0.0,0.0,0.0,0.0,0.0,1.0,0.0,0.0,0.0,4.0,0.0,0.0,0.0,4.0,0.0,0.0,0.0,0.0,0.0,1.0,0.0,0.0,1.0,0.0,0.0,4.0,0.0,0.0,0.0,0.0,0.0,0.0,1.0,1.0,1.0,4.0,4.0,4.0,4.0,4.0,4.0,4.0,1.0,2.0,1.0,0.0,1.0,1.0,8.0,1.0,1.0,1.0,1.0,3.0,10.0,10.0,10.0
D10-JJJ-10,0.0,0.0,0.0,0.0,0.0,0.0,0.0,0.0,0.0,0.0,0.0,0.0,0.0,0.0,0.0,0.0,0.0,0.0,0.0,0.0,0.0,0.0,0.0,0.0,0.0,0.0,0.0,0.0,0.0,0.0,0.0,0.0,0.0,0.0,0.0,0.0,0.0,0.0,0.0,0.0,0.0,0.0,0.0,0.0,0.0,0.0,0.0,0.0,0.0,0.0,0.0,0.0,0.0,0.0,0.0,0.0,0.0,0.0,0.0,0.0,0.0,0.0,0.0,0.0,0.0,0.0,0.0,0.0,0.0,0.0,0.0,0.0,0.0,0.0,0.0,0.0,0.0,0.0,0.0,0.0,0.0,0.0,0.0,0.0,0.0,0.0,0.0,0.0,0.0,0.0,0.0,0.0,0.0,0.0,0.0,0.0,0.0,0.0,0.0,0.0,0.0,0.0,0.0,0.0,0.0,0.0,0.0,1.0,0.0,1.0,0.0,1.0,1.0,0.0,0.0,0.0,0.0,0.0,0.0,0.0,0.0,0.0
D10-JJJ-28,90.0,145.0,90.0,0.0,3.0,239.0,124.0,239.0,239.0,0.0,239.0,239.0,239.0,239.0,239.0,239.0,239.0,104.0,156.0,156.0,4.0,159.0,159.0,57.0,0.0,10.0,57.0,74.0,6.0,19.0,0.0,616.0,616.0,616.0,616.0,222.0,222.0,616.0,616.0,6.0,0.0,14.0,14.0,14.0,39.0,14.0,39.0,39.0,14.0,14.0,14.0,14.0,110.0,154.0,154.0,48.0,110.0,132.0,87.0,87.0,99.0,92.0,92.0,158.0,87.0,87.0,0.0,0.0,0.0,130.0,99.0,48.0,87.0,87.0,130.0,87.0,92.0,53.0,132.0,87.0,87.0,87.0,92.0,55.0,154.0,87.0,132.0,154.0,87.0,53.0,132.0,110.0,92.0,48.0,130.0,48.0,87.0,39.0,0.0,7.0,268.0,268.0,268.0,268.0,268.0,268.0,268.0,101.0,166.0,101.0,5.0,101.0,101.0,109.0,0.0,15.0,0.0,17.0,69.0,181.0,181.0,181.0
D10-JJJ-52,175.0,194.0,175.0,0.0,3.0,258.0,181.0,258.0,258.0,181.0,258.0,258.0,258.0,258.0,258.0,258.0,258.0,252.0,334.0,0.0,60.0,394.0,394.0,143.0,0.0,0.0,143.0,124.0,6.0,61.0,61.0,876.0,876.0,876.0,876.0,340.0,340.0,876.0,876.0,26.0,99.0,63.0,63.0,63.0,99.0,63.0,99.0,0.0,60.0,60.0,60.0,60.0,52.0,206.0,206.0,28.0,52.0,178.0,227.0,227.0,101.0,322.0,322.0,80.0,227.0,227.0,227.0,227.0,227.0,196.0,101.0,28.0,227.0,227.0,196.0,227.0,322.0,123.0,178.0,227.0,227.0,227.0,322.0,105.0,206.0,227.0,178.0,206.0,227.0,123.0,178.0,52.0,322.0,28.0,196.0,28.0,227.0,18.0,6.0,6.0,231.0,231.0,231.0,231.0,231.0,0.0,231.0,79.0,117.0,79.0,69.0,79.0,79.0,46.0,50.0,50.0,50.0,69.0,14.0,135.0,135.0,135.0
D10-JJJ-13,83.0,105.0,0.0,25.0,15.0,214.0,0.0,214.0,214.0,79.0,214.0,214.0,214.0,214.0,214.0,214.0,214.0,112.0,144.0,144.0,7.0,151.0,151.0,58.0,35.0,18.0,58.0,46.0,19.0,19.0,0.0,607.0,607.0,607.0,607.0,132.0,132.0,607.0,607.0,11.0,0.0,17.0,17.0,17.0,42.0,17.0,42.0,42.0,30.0,30.0,30.0,30.0,89.0,155.0,155.0,0.0,89.0,133.0,96.0,96.0,89.0,93.0,93.0,0.0,96.0,96.0,96.0,96.0,96.0,117.0,0.0,0.0,96.0,96.0,117.0,96.0,93.0,50.0,133.0,96.0,96.0,96.0,93.0,66.0,155.0,96.0,133.0,155.0,96.0,50.0,133.0,89.0,93.0,0.0,117.0,53.0,96.0,33.0,13.0,13.0,189.0,189.0,189.0,189.0,189.0,0.0,189.0,96.0,116.0,96.0,6.0,96.0,96.0,147.0,17.0,17.0,17.0,26.0,60.0,105.0,105.0,105.0
D10-JJJ-1,10.0,5.0,10.0,2.0,1.0,16.0,0.0,16.0,0.0,14.0,0.0,0.0,16.0,0.0,16.0,0.0,16.0,15.0,0.0,17.0,2.0,19.0,19.0,7.0,2.0,4.0,7.0,7.0,2.0,2.0,2.0,0.0,0.0,38.0,38.0,0.0,13.0,0.0,0.0,0.0,0.0,6.0,6.0,6.0,6.0,6.0,6.0,6.0,0.0,0.0,0.0,0.0,8.0,17.0,17.0,0.0,8.0,0.0,0.0,12.0,0.0,0.0,16.0,0.0,0.0,0.0,0.0,0.0,0.0,0.0,7.0,0.0,0.0,0.0,16.0,12.0,16.0,0.0,17.0,12.0,0.0,12.0,16.0,0.0,17.0,12.0,17.0,17.0,0.0,9.0,17.0,0.0,16.0,5.0,0.0,5.0,12.0,6.0,0.0,0.0,0.0,0.0,0.0,0.0,0.0,0.0,0.0,8.0,16.0,8.0,0.0,8.0,8.0,11.0,0.0,4.0,4.0,6.0,8.0,16.0,16.0,16.0
D10-JJJ-45,21.0,23.0,21.0,0.0,2.0,18.0,0.0,18.0,0.0,0.0,0.0,18.0,18.0,18.0,18.0,0.0,18.0,17.0,17.0,17.0,0.0,17.0,17.0,14.0,11.0,5.0,14.0,11.0,1.0,0.0,6.0,0.0,0.0,49.0,49.0,0.0,4.0,0.0,0.0,0.0,0.0,4.0,4.0,4.0,9.0,4.0,9.0,9.0,0.0,0.0,0.0,2.0,0.0,32.0,32.0,0.0,0.0,19.0,0.0,0.0,0.0,0.0,18.0,3.0,0.0,0.0,0.0,0.0,0.0,15.0,21.0,0.0,0.0,0.0,15.0,11.0,0.0,7.0,19.0,11.0,0.0,0.0,0.0,0.0,0.0,11.0,19.0,32.0,0.0,7.0,19.0,3.0,0.0,0.0,15.0,0.0,11.0,3.0,0.0,0.0,0.0,0.0,0.0,0.0,0.0,0.0,0.0,5.0,4.0,5.0,2.0,5.0,5.0,0.0,1.0,1.0,1.0,6.0,0.0,12.0,12.0,12.0
D10-JJJ-38,182.0,171.0,182.0,44.0,11.0,190.0,173.0,190.0,190.0,173.0,190.0,190.0,190.0,190.0,190.0,190.0,190.0,201.0,264.0,264.0,46.0,310.0,310.0,125.0,82.0,65.0,125.0,123.0,12.0,47.0,47.0,528.0,528.0,528.0,528.0,215.0,215.0,528.0,528.0,48.0,76.0,66.0,66.0,66.0,76.0,66.0,76.0,76.0,42.0,42.0,42.0,0.0,117.0,288.0,288.0,47.0,117.0,236.0,230.0,230.0,118.0,293.0,293.0,164.0,230.0,230.0,230.0,230.0,230.0,176.0,0.0,0.0,230.0,230.0,176.0,230.0,293.0,110.0,236.0,230.0,230.0,230.0,293.0,170.0,288.0,230.0,236.0,288.0,230.0,110.0,236.0,117.0,293.0,47.0,176.0,47.0,230.0,0.0,7.0,7.0,198.0,0.0,198.0,198.0,198.0,198.0,198.0,110.0,130.0,110.0,82.0,110.0,110.0,81.0,45.0,45.0,45.0,54.0,66.0,243.0,243.0,243.0
D10-JJJ-7,3.0,2.0,3.0,0.0,0.0,7.0,0.0,7.0,0.0,0.0,0.0,0.0,7.0,0.0,7.0,7.0,7.0,4.0,6.0,6.0,1.0,7.0,7.0,0.0,0.0,0.0,1.0,1.0,0.0,0.0,0.0,0.0,0.0,23.0,23.0,0.0,3.0,0.0,0.0,0.0,1.0,1.0,1.0,1.0,1.0,1.0,1.0,1.0,0.0,0.0,0.0,0.0,0.0,1.0,1.0,1.0,0.0,0.0,3.0,3.0,1.0,0.0,0.0,2.0,3.0,3.0,3.0,3.0,3.0,0.0,1.0,1.0,3.0,3.0,0.0,3.0,0.0,0.0,2.0,3.0,3.0,3.0,0.0,0.0,1.0,3.0,0.0,1.0,3.0,0.0,2.0,1.0,0.0,1.0,0.0,1.0,3.0,0.0,0.0,0.0,2.0,2.0,2.0,2.0,2.0,2.0,2.0,4.0,8.0,4.0,0.0,4.0,4.0,4.0,0.0,0.0,0.0,0.0,4.0,5.0,5.0,5.0
D10-JJJ-53,39.0,77.0,39.0,9.0,1.0,75.0,0.0,75.0,75.0,48.0,75.0,0.0,75.0,0.0,75.0,0.0,75.0,92.0,104.0,104.0,2.0,106.0,106.0,23.0,22.0,4.0,23.0,26.0,3.0,9.0,9.0,335.0,335.0,335.0,335.0,0.0,109.0,335.0,335.0,0.0,10.0,11.0,0.0,0.0,10.0,11.0,10.0,10.0,7.0,7.0,7.0,0.0,35.0,105.0,105.0,5.0,35.0,0.0,0.0,27.0,0.0,55.0,55.0,40.0,0.0,0.0,0.0,0.0,0.0,0.0,0.0,5.0,0.0,0.0,52.0,27.0,55.0,33.0,56.0,27.0,0.0,27.0,55.0,0.0,0.0,27.0,56.0,105.0,0.0,33.0,56.0,0.0,55.0,5.0,0.0,5.0,27.0,16.0,1.0,1.0,135.0,0.0,135.0,135.0,135.0,0.0,135.0,17.0,36.0,17.0,1.0,17.0,17.0,18.0,3.0,3.0,0.0,9.0,11.0,60.0,60.0,60.0
D10-JJJ-36,127.0,59.0,127.0,21.0,1.0,79.0,36.0,79.0,79.0,0.0,79.0,79.0,79.0,79.0,79.0,79.0,79.0,154.0,165.0,0.0,20.0,185.0,185.0,87.0,54.0,51.0,87.0,69.0,0.0,3.0,3.0,148.0,0.0,148.0,148.0,49.0,49.0,148.0,148.0,7.0,51.0,33.0,33.0,33.0,51.0,33.0,51.0,51.0,36.0,36.0,36.0,36.0,25.0,156.0,156.0,0.0,25.0,148.0,101.0,101.0,58.0,143.0,143.0,33.0,101.0,101.0,101.0,101.0,101.0,100.0,58.0,0.0,101.0,101.0,100.0,101.0,143.0,49.0,148.0,101.0,101.0,101.0,143.0,98.0,156.0,101.0,148.0,156.0,101.0,50.0,148.0,25.0,143.0,0.0,100.0,8.0,101.0,15.0,0.0,0.0,116.0,116.0,116.0,116.0,116.0,116.0,116.0,30.0,56.0,30.0,0.0,30.0,30.0,0.0,14.0,14.0,14.0,35.0,7.0,57.0,57.0,57.0
D10-JJJ-18,251.0,167.0,251.0,61.0,8.0,231.0,0.0,231.0,231.0,0.0,231.0,231.0,231.0,231.0,231.0,231.0,231.0,237.0,316.0,316.0,36.0,352.0,352.0,146.0,84.0,0.0,146.0,161.0,5.0,13.0,13.0,554.0,554.0,554.0,554.0,230.0,230.0,554.0,554.0,28.0,100.0,69.0,69.0,69.0,100.0,69.0,100.0,100.0,52.0,52.0,52.0,52.0,82.0,268.0,268.0,94.0,82.0,240.0,246.0,246.0,121.0,295.0,295.0,176.0,246.0,246.0,246.0,246.0,246.0,236.0,121.0,0.0,246.0,246.0,236.0,246.0,295.0,143.0,240.0,246.0,246.0,246.0,295.0,147.0,268.0,246.0,240.0,268.0,246.0,143.0,240.0,82.0,295.0,94.0,236.0,94.0,246.0,73.0,5.0,5.0,282.0,282.0,282.0,282.0,282.0,282.0,282.0,136.0,190.0,136.0,0.0,136.0,136.0,154.0,53.0,53.0,0.0,67.0,68.0,177.0,177.0,177.0
D10-JJJ-50,185.0,179.0,185.0,60.0,11.0,231.0,0.0,231.0,231.0,0.0,231.0,231.0,231.0,231.0,231.0,231.0,231.0,193.0,247.0,247.0,46.0,293.0,293.0,120.0,0.0,0.0,120.0,115.0,3.0,13.0,13.0,484.0,484.0,484.0,484.0,0.0,144.0,484.0,484.0,52.0,77.0,47.0,46.0,46.0,77.0,47.0,77.0,77.0,49.0,49.0,49.0,49.0,109.0,301.0,301.0,57.0,109.0,253.0,215.0,215.0,142.0,281.0,281.0,166.0,215.0,215.0,215.0,215.0,215.0,217.0,0.0,0.0,215.0,215.0,217.0,215.0,281.0,123.0,253.0,215.0,215.0,215.0,281.0,159.0,301.0,215.0,253.0,301.0,215.0,123.0,253.0,109.0,281.0,0.0,217.0,57.0,215.0,41.0,7.0,7.0,223.0,0.0,223.0,223.0,223.0,223.0,223.0,106.0,131.0,106.0,93.0,106.0,106.0,83.0,30.0,30.0,30.0,48.0,49.0,254.0,254.0,254.0
D10-JJJ-26,0.0,0.0,0.0,0.0,0.0,0.0,0.0,0.0,0.0,0.0,0.0,0.0,0.0,0.0,0.0,0.0,0.0,0.0,0.0,0.0,0.0,0.0,0.0,0.0,0.0,0.0,0.0,0.0,0.0,0.0,0.0,0.0,0.0,0.0,0.0,0.0,0.0,0.0,0.0,0.0,0.0,0.0,0.0,0.0,0.0,0.0,0.0,0.0,0.0,0.0,0.0,0.0,0.0,0.0,0.0,0.0,0.0,0.0,0.0,0.0,0.0,0.0,0.0,0.0,0.0,0.0,0.0,0.0,0.0,0.0,0.0,0.0,0.0,0.0,0.0,0.0,0.0,0.0,0.0,0.0,0.0,0.0,0.0,0.0,0.0,0.0,0.0,0.0,0.0,0.0,0.0,0.0,0.0,0.0,0.0,0.0,0.0,0.0,0.0,0.0,1.0,1.0,1.0,1.0,1.0,1.0,1.0,0.0,0.0,0.0,0.0,0.0,0.0,0.0,0.0,0.0,0.0,0.0,0.0,0.0,0.0,0.0
D10-JJJ-40,38.0,35.0,0.0,0.0,1.0,43.0,0.0,43.0,0.0,0.0,0.0,43.0,43.0,43.0,43.0,0.0,43.0,35.0,51.0,51.0,12.0,63.0,63.0,13.0,11.0,13.0,0.0,25.0,5.0,14.0,0.0,0.0,0.0,109.0,109.0,0.0,36.0,0.0,0.0,6.0,19.0,16.0,0.0,0.0,19.0,16.0,19.0,19.0,8.0,8.0,8.0,8.0,0.0,68.0,68.0,15.0,0.0,58.0,60.0,60.0,0.0,73.0,73.0,36.0,60.0,60.0,60.0,60.0,60.0,45.0,0.0,15.0,60.0,60.0,45.0,60.0,73.0,28.0,58.0,60.0,60.0,60.0,73.0,41.0,0.0,60.0,58.0,68.0,60.0,28.0,58.0,0.0,73.0,15.0,45.0,15.0,60.0,9.0,1.0,1.0,30.0,0.0,30.0,30.0,30.0,30.0,30.0,26.0,36.0,26.0,0.0,26.0,26.0,16.0,4.0,4.0,4.0,8.0,17.0,57.0,57.0,57.0
D10-JJJ-6,11.0,12.0,0.0,3.0,3.0,10.0,0.0,10.0,0.0,11.0,0.0,0.0,10.0,0.0,10.0,10.0,10.0,11.0,0.0,19.0,3.0,22.0,22.0,6.0,6.0,3.0,6.0,8.0,0.0,0.0,2.0,0.0,0.0,34.0,34.0,0.0,9.0,0.0,0.0,3.0,6.0,4.0,4.0,4.0,6.0,4.0,6.0,6.0,2.0,2.0,2.0,2.0,8.0,16.0,16.0,6.0,8.0,17.0,12.0,12.0,7.0,0.0,11.0,14.0,12.0,12.0,12.0,12.0,12.0,0.0,7.0,6.0,12.0,0.0,13.0,12.0,11.0,5.0,17.0,12.0,12.0,12.0,0.0,9.0,16.0,12.0,17.0,16.0,0.0,5.0,17.0,0.0,11.0,6.0,0.0,6.0,12.0,4.0,1.0,1.0,0.0,0.0,0.0,0.0,0.0,0.0,0.0,7.0,13.0,7.0,5.0,7.0,7.0,10.0,2.0,2.0,2.0,3.0,7.0,14.0,14.0,14.0
D10-JJJ-42,4.0,8.0,0.0,1.0,0.0,7.0,2.0,7.0,7.0,2.0,0.0,0.0,7.0,0.0,7.0,0.0,7.0,7.0,0.0,8.0,1.0,9.0,9.0,2.0,2.0,1.0,2.0,2.0,2.0,3.0,3.0,0.0,0.0,26.0,26.0,11.0,11.0,0.0,0.0,0.0,3.0,0.0,0.0,0.0,3.0,0.0,3.0,3.0,0.0,0.0,0.0,0.0,4.0,5.0,5.0,0.0,4.0,0.0,1.0,1.0,0.0,2.0,0.0,4.0,1.0,1.0,1.0,1.0,1.0,0.0,2.0,0.0,1.0,1.0,5.0,1.0,0.0,0.0,7.0,1.0,1.0,1.0,2.0,0.0,0.0,1.0,7.0,5.0,1.0,0.0,7.0,4.0,0.0,0.0,0.0,0.0,1.0,0.0,1.0,1.0,8.0,8.0,8.0,8.0,8.0,8.0,8.0,4.0,10.0,4.0,0.0,4.0,4.0,3.0,0.0,1.0,1.0,1.0,4.0,12.0,12.0,12.0
D10-JJJ-21,535.0,619.0,535.0,0.0,71.0,869.0,488.0,869.0,869.0,0.0,869.0,869.0,869.0,869.0,869.0,869.0,869.0,625.0,956.0,956.0,44.0,1000.0,1000.0,334.0,0.0,162.0,334.0,408.0,31.0,0.0,57.0,1829.0,1829.0,1829.0,1829.0,641.0,641.0,1829.0,1829.0,85.0,251.0,176.0,176.0,176.0,251.0,176.0,251.0,251.0,133.0,133.0,133.0,133.0,362.0,784.0,784.0,273.0,362.0,628.0,613.0,613.0,426.0,736.0,736.0,635.0,613.0,613.0,613.0,613.0,613.0,666.0,426.0,0.0,613.0,613.0,666.0,613.0,736.0,396.0,628.0,613.0,613.0,613.0,736.0,358.0,784.0,613.0,628.0,784.0,613.0,396.0,628.0,362.0,736.0,273.0,666.0,273.0,613.0,179.0,28.0,28.0,795.0,795.0,795.0,795.0,795.0,795.0,795.0,497.0,666.0,497.0,95.0,497.0,497.0,608.0,141.0,141.0,141.0,160.0,394.0,771.0,771.0,771.0
D10-JJJ-8,3.0,12.0,0.0,5.0,0.0,9.0,3.0,9.0,9.0,3.0,9.0,0.0,9.0,0.0,9.0,9.0,9.0,10.0,0.0,10.0,0.0,10.0,10.0,4.0,6.0,4.0,4.0,6.0,0.0,2.0,0.0,0.0,20.0,20.0,20.0,4.0,4.0,0.0,0.0,1.0,0.0,1.0,1.0,1.0,4.0,1.0,4.0,4.0,0.0,0.0,0.0,0.0,3.0,9.0,9.0,2.0,3.0,0.0,7.0,0.0,0.0,8.0,0.0,5.0,0.0,0.0,0.0,0.0,0.0,0.0,0.0,2.0,7.0,0.0,4.0,7.0,0.0,3.0,0.0,0.0,0.0,0.0,0.0,2.0,0.0,7.0,0.0,9.0,0.0,3.0,0.0,3.0,0.0,2.0,0.0,2.0,0.0,1.0,0.0,0.0,0.0,7.0,0.0,0.0,0.0,0.0,0.0,2.0,4.0,2.0,3.0,2.0,2.0,6.0,1.0,1.0,1.0,1.0,3.0,6.0,6.0,6.0
D10-JJJ-16,66.0,111.0,0.0,0.0,13.0,189.0,0.0,189.0,189.0,0.0,189.0,189.0,189.0,189.0,189.0,189.0,189.0,82.0,117.0,117.0,11.0,128.0,128.0,56.0,0.0,15.0,0.0,55.0,0.0,0.0,22.0,650.0,650.0,650.0,650.0,0.0,164.0,650.0,650.0,5.0,30.0,21.0,21.0,21.0,30.0,21.0,30.0,30.0,30.0,30.0,30.0,0.0,74.0,138.0,138.0,43.0,74.0,89.0,0.0,86.0,90.0,0.0,96.0,117.0,86.0,86.0,86.0,86.0,86.0,94.0,90.0,43.0,0.0,86.0,94.0,86.0,96.0,53.0,89.0,86.0,86.0,86.0,96.0,0.0,138.0,86.0,89.0,138.0,86.0,53.0,89.0,74.0,96.0,43.0,94.0,43.0,86.0,0.0,6.0,6.0,188.0,0.0,188.0,188.0,188.0,0.0,188.0,103.0,131.0,103.0,0.0,103.0,103.0,120.0,11.0,11.0,11.0,25.0,78.0,109.0,109.0,109.0
D10-JJJ-24,537.0,621.0,537.0,195.0,64.0,846.0,0.0,846.0,846.0,0.0,846.0,846.0,846.0,846.0,846.0,846.0,846.0,595.0,936.0,936.0,69.0,1005.0,1005.0,332.0,0.0,172.0,332.0,380.0,32.0,52.0,52.0,1716.0,1716.0,1716.0,1716.0,599.0,599.0,1716.0,1716.0,78.0,265.0,233.0,233.0,233.0,265.0,233.0,265.0,265.0,116.0,116.0,116.0,116.0,348.0,675.0,675.0,251.0,348.0,554.0,567.0,567.0,353.0,702.0,702.0,599.0,567.0,567.0,567.0,567.0,567.0,618.0,353.0,251.0,567.0,567.0,618.0,567.0,702.0,386.0,554.0,567.0,567.0,567.0,702.0,322.0,675.0,567.0,554.0,675.0,567.0,386.0,554.0,348.0,702.0,251.0,618.0,251.0,567.0,142.0,21.0,21.0,867.0,867.0,867.0,867.0,867.0,867.0,867.0,385.0,629.0,385.0,130.0,385.0,385.0,523.0,147.0,147.0,147.0,179.0,378.0,763.0,763.0,763.0
D10-JJJ-54,111.0,89.0,111.0,0.0,0.0,110.0,0.0,110.0,110.0,58.0,110.0,110.0,110.0,110.0,110.0,110.0,110.0,243.0,271.0,271.0,22.0,293.0,293.0,50.0,0.0,36.0,50.0,53.0,1.0,26.0,26.0,340.0,340.0,340.0,340.0,0.0,54.0,340.0,340.0,3.0,48.0,21.0,0.0,0.0,48.0,21.0,48.0,48.0,18.0,18.0,18.0,18.0,35.0,180.0,180.0,0.0,35.0,200.0,94.0,94.0,42.0,136.0,136.0,41.0,94.0,94.0,94.0,94.0,94.0,110.0,0.0,0.0,94.0,94.0,110.0,94.0,136.0,48.0,200.0,94.0,94.0,94.0,136.0,138.0,180.0,94.0,200.0,180.0,94.0,48.0,200.0,35.0,136.0,6.0,110.0,6.0,94.0,17.0,2.0,2.0,80.0,80.0,80.0,80.0,80.0,0.0,80.0,24.0,44.0,24.0,0.0,24.0,24.0,12.0,8.0,8.0,0.0,12.0,4.0,53.0,53.0,53.0
D10-JJJ-46,16.0,28.0,0.0,7.0,2.0,18.0,10.0,18.0,0.0,10.0,0.0,0.0,18.0,0.0,18.0,0.0,18.0,16.0,22.0,22.0,5.0,27.0,27.0,15.0,7.0,9.0,0.0,9.0,0.0,0.0,8.0,0.0,74.0,74.0,74.0,15.0,15.0,0.0,0.0,1.0,0.0,5.0,5.0,5.0,18.0,5.0,18.0,0.0,3.0,3.0,3.0,3.0,9.0,36.0,36.0,2.0,9.0,0.0,7.0,0.0,20.0,0.0,11.0,11.0,0.0,0.0,0.0,0.0,0.0,21.0,0.0,2.0,7.0,0.0,21.0,7.0,0.0,6.0,31.0,0.0,0.0,0.0,0.0,0.0,0.0,7.0,31.0,36.0,0.0,6.0,31.0,0.0,0.0,2.0,21.0,2.0,0.0,3.0,0.0,0.0,23.0,23.0,23.0,23.0,23.0,0.0,23.0,8.0,6.0,8.0,6.0,8.0,8.0,0.0,0.0,1.0,1.0,3.0,1.0,6.0,6.0,6.0
D10-JJJ-25,0.0,0.0,0.0,0.0,0.0,0.0,0.0,0.0,2.0,0.0,2.0,2.0,0.0,2.0,0.0,2.0,0.0,0.0,0.0,0.0,1.0,1.0,1.0,0.0,0.0,0.0,0.0,0.0,0.0,0.0,0.0,1.0,1.0,1.0,1.0,0.0,0.0,1.0,1.0,0.0,0.0,0.0,0.0,0.0,0.0,0.0,0.0,0.0,0.0,0.0,0.0,0.0,0.0,0.0,0.0,0.0,0.0,1.0,0.0,0.0,0.0,0.0,0.0,0.0,0.0,0.0,0.0,0.0,0.0,1.0,0.0,0.0,0.0,0.0,1.0,0.0,0.0,0.0,1.0,0.0,0.0,0.0,0.0,0.0,0.0,0.0,1.0,0.0,0.0,0.0,1.0,0.0,0.0,0.0,1.0,0.0,0.0,0.0,0.0,0.0,0.0,0.0,0.0,0.0,0.0,0.0,0.0,0.0,0.0,0.0,0.0,0.0,0.0,0.0,0.0,0.0,0.0,0.0,0.0,1.0,1.0,1.0
D10-JJJ-32,2.0,5.0,2.0,0.0,0.0,10.0,5.0,10.0,0.0,5.0,0.0,10.0,10.0,10.0,10.0,0.0,10.0,4.0,5.0,5.0,1.0,6.0,6.0,3.0,2.0,3.0,3.0,4.0,0.0,0.0,0.0,0.0,22.0,22.0,22.0,8.0,8.0,0.0,0.0,0.0,0.0,2.0,2.0,2.0,0.0,2.0,0.0,0.0,1.0,1.0,1.0,1.0,0.0,16.0,16.0,0.0,0.0,7.0,0.0,0.0,0.0,3.0,3.0,0.0,0.0,0.0,0.0,0.0,0.0,3.0,0.0,0.0,0.0,0.0,3.0,4.0,3.0,1.0,0.0,4.0,0.0,0.0,3.0,5.0,0.0,4.0,7.0,16.0,0.0,1.0,0.0,0.0,3.0,0.0,3.0,2.0,4.0,2.0,0.0,0.0,0.0,0.0,0.0,0.0,0.0,0.0,0.0,6.0,10.0,6.0,0.0,6.0,6.0,5.0,1.0,1.0,1.0,1.0,8.0,14.0,14.0,14.0
D10-JJJ-4,4.0,9.0,0.0,0.0,1.0,16.0,14.0,16.0,0.0,14.0,0.0,0.0,16.0,0.0,16.0,0.0,16.0,10.0,12.0,12.0,2.0,14.0,14.0,0.0,0.0,6.0,0.0,0.0,0.0,1.0,1.0,27.0,27.0,27.0,27.0,0.0,9.0,27.0,27.0,2.0,0.0,2.0,2.0,2.0,8.0,2.0,8.0,8.0,0.0,0.0,0.0,1.0,0.0,12.0,12.0,0.0,0.0,0.0,0.0,0.0,5.0,0.0,14.0,9.0,0.0,0.0,0.0,0.0,0.0,14.0,5.0,0.0,0.0,0.0,14.0,0.0,14.0,9.0,12.0,9.0,0.0,0.0,0.0,0.0,0.0,0.0,12.0,12.0,0.0,9.0,12.0,0.0,14.0,0.0,14.0,0.0,9.0,3.0,0.0,0.0,17.0,0.0,17.0,17.0,17.0,0.0,17.0,9.0,7.0,9.0,1.0,9.0,9.0,17.0,3.0,3.0,3.0,1.0,7.0,18.0,18.0,18.0
D10-JJJ-49,201.0,245.0,201.0,0.0,24.0,238.0,0.0,238.0,0.0,0.0,0.0,238.0,238.0,238.0,238.0,238.0,238.0,224.0,295.0,295.0,34.0,329.0,329.0,150.0,85.0,70.0,0.0,151.0,15.0,0.0,33.0,634.0,634.0,634.0,634.0,0.0,241.0,634.0,634.0,31.0,110.0,56.0,56.0,56.0,110.0,56.0,110.0,110.0,43.0,43.0,43.0,43.0,118.0,323.0,323.0,0.0,118.0,277.0,315.0,315.0,146.0,405.0,405.0,213.0,315.0,315.0,315.0,315.0,315.0,285.0,146.0,95.0,315.0,315.0,285.0,315.0,405.0,185.0,277.0,315.0,315.0,315.0,405.0,177.0,323.0,315.0,277.0,323.0,315.0,185.0,277.0,118.0,405.0,95.0,285.0,95.0,315.0,69.0,9.0,9.0,242.0,242.0,242.0,242.0,242.0,242.0,242.0,160.0,187.0,160.0,74.0,160.0,160.0,140.0,39.0,39.0,39.0,77.0,115.0,363.0,363.0,363.0
D10-JJJ-34,20.0,16.0,0.0,0.0,0.0,23.0,0.0,23.0,0.0,14.0,0.0,23.0,23.0,23.0,23.0,0.0,23.0,23.0,29.0,0.0,4.0,33.0,33.0,14.0,8.0,4.0,14.0,0.0,0.0,0.0,10.0,0.0,0.0,58.0,58.0,0.0,31.0,0.0,0.0,3.0,13.0,6.0,6.0,6.0,13.0,6.0,13.0,13.0,3.0,3.0,3.0,3.0,15.0,25.0,25.0,1.0,15.0,0.0,0.0,17.0,0.0,0.0,31.0,0.0,0.0,0.0,17.0,17.0,17.0,21.0,14.0,1.0,0.0,0.0,21.0,17.0,31.0,15.0,17.0,17.0,17.0,17.0,31.0,0.0,0.0,17.0,17.0,25.0,0.0,15.0,17.0,15.0,31.0,1.0,21.0,1.0,17.0,2.0,1.0,1.0,19.0,0.0,19.0,19.0,19.0,0.0,19.0,12.0,14.0,12.0,4.0,12.0,12.0,0.0,6.0,6.0,6.0,3.0,2.0,12.0,12.0,12.0
D10-JJJ-48,1.0,1.0,1.0,1.0,1.0,8.0,2.0,8.0,8.0,2.0,8.0,8.0,8.0,8.0,8.0,8.0,8.0,4.0,0.0,0.0,1.0,6.0,6.0,0.0,1.0,0.0,0.0,1.0,0.0,0.0,0.0,0.0,0.0,43.0,43.0,4.0,0.0,0.0,0.0,1.0,0.0,0.0,0.0,0.0,0.0,0.0,0.0,0.0,0.0,0.0,0.0,0.0,1.0,0.0,0.0,1.0,1.0,0.0,1.0,1.0,0.0,1.0,1.0,2.0,1.0,1.0,1.0,1.0,1.0,2.0,0.0,1.0,1.0,1.0,2.0,1.0,1.0,1.0,0.0,1.0,1.0,1.0,1.0,1.0,1.0,1.0,0.0,0.0,1.0,1.0,0.0,1.0,1.0,1.0,2.0,1.0,1.0,1.0,0.0,0.0,0.0,7.0,0.0,0.0,0.0,0.0,0.0,3.0,6.0,3.0,0.0,3.0,3.0,1.0,2.0,2.0,2.0,2.0,1.0,1.0,1.0,1.0
D10-JJJ-2,7.0,5.0,0.0,0.0,3.0,11.0,0.0,11.0,0.0,12.0,0.0,0.0,11.0,0.0,11.0,0.0,11.0,8.0,9.0,9.0,0.0,9.0,9.0,3.0,6.0,1.0,3.0,8.0,0.0,0.0,1.0,20.0,20.0,20.0,20.0,13.0,13.0,20.0,20.0,0.0,0.0,9.0,9.0,9.0,8.0,9.0,8.0,8.0,0.0,0.0,0.0,4.0,0.0,16.0,16.0,0.0,0.0,15.0,0.0,0.0,0.0,0.0,8.0,0.0,0.0,0.0,0.0,0.0,0.0,0.0,0.0,0.0,0.0,0.0,13.0,5.0,0.0,5.0,15.0,5.0,0.0,0.0,0.0,7.0,0.0,5.0,15.0,16.0,0.0,5.0,15.0,4.0,0.0,2.0,0.0,2.0,5.0,5.0,2.0,2.0,0.0,9.0,0.0,0.0,0.0,9.0,0.0,12.0,13.0,12.0,2.0,12.0,12.0,17.0,3.0,3.0,3.0,4.0,6.0,16.0,16.0,16.0
D10-JJJ-3,11.0,8.0,11.0,0.0,2.0,7.0,9.0,7.0,7.0,0.0,7.0,0.0,7.0,0.0,7.0,7.0,7.0,12.0,21.0,21.0,2.0,23.0,23.0,0.0,6.0,6.0,11.0,10.0,2.0,1.0,1.0,0.0,0.0,29.0,29.0,0.0,9.0,0.0,0.0,3.0,5.0,4.0,4.0,4.0,5.0,4.0,5.0,5.0,0.0,0.0,0.0,0.0,0.0,0.0,0.0,0.0,0.0,0.0,9.0,0.0,2.0,0.0,15.0,0.0,9.0,9.0,0.0,0.0,0.0,0.0,2.0,0.0,9.0,0.0,16.0,9.0,0.0,0.0,18.0,9.0,9.0,0.0,0.0,0.0,13.0,0.0,18.0,0.0,0.0,0.0,18.0,7.0,0.0,3.0,0.0,0.0,9.0,2.0,2.0,0.0,22.0,0.0,22.0,22.0,22.0,0.0,22.0,11.0,13.0,11.0,3.0,11.0,11.0,10.0,4.0,4.0,4.0,4.0,7.0,15.0,15.0,15.0
D10-JJJ-17,16.0,35.0,16.0,0.0,0.0,65.0,0.0,65.0,0.0,0.0,0.0,0.0,65.0,0.0,65.0,0.0,65.0,43.0,48.0,48.0,1.0,49.0,49.0,17.0,8.0,3.0,17.0,15.0,4.0,6.0,6.0,374.0,374.0,374.0,374.0,78.0,78.0,374.0,374.0,1.0,0.0,2.0,2.0,2.0,2.0,2.0,2.0,2.0,0.0,0.0,0.0,3.0,0.0,61.0,61.0,0.0,0.0,32.0,0.0,25.0,42.0,0.0,27.0,41.0,0.0,0.0,0.0,0.0,0.0,28.0,42.0,0.0,0.0,0.0,28.0,25.0,0.0,0.0,32.0,25.0,25.0,25.0,0.0,0.0,61.0,25.0,32.0,61.0,0.0,15.0,32.0,0.0,0.0,0.0,28.0,13.0,25.0,10.0,2.0,2.0,70.0,0.0,70.0,70.0,70.0,0.0,70.0,20.0,37.0,20.0,0.0,20.0,20.0,29.0,2.0,2.0,2.0,2.0,16.0,30.0,30.0,30.0
D10-JJJ-33,29.0,23.0,0.0,0.0,0.0,19.0,18.0,19.0,19.0,0.0,19.0,0.0,19.0,0.0,19.0,19.0,19.0,36.0,42.0,42.0,3.0,45.0,45.0,19.0,15.0,9.0,19.0,20.0,0.0,0.0,0.0,0.0,0.0,61.0,61.0,23.0,23.0,0.0,0.0,0.0,17.0,13.0,13.0,13.0,17.0,13.0,17.0,17.0,6.0,6.0,6.0,6.0,8.0,43.0,43.0,4.0,8.0,40.0,24.0,0.0,0.0,0.0,34.0,12.0,24.0,24.0,0.0,0.0,0.0,26.0,0.0,4.0,24.0,0.0,26.0,24.0,0.0,0.0,40.0,24.0,0.0,0.0,34.0,0.0,0.0,0.0,40.0,43.0,0.0,14.0,40.0,0.0,0.0,4.0,26.0,4.0,24.0,2.0,1.0,1.0,42.0,0.0,42.0,42.0,42.0,0.0,42.0,5.0,18.0,5.0,8.0,5.0,5.0,0.0,6.0,6.0,0.0,14.0,1.0,18.0,18.0,18.0
D10-JJJ-56,190.0,209.0,190.0,64.0,15.0,244.0,185.0,244.0,244.0,0.0,244.0,244.0,244.0,244.0,244.0,244.0,244.0,221.0,282.0,0.0,28.0,310.0,310.0,115.0,0.0,60.0,115.0,114.0,7.0,32.0,32.0,602.0,602.0,602.0,602.0,194.0,194.0,602.0,602.0,21.0,84.0,63.0,63.0,63.0,84.0,63.0,84.0,84.0,37.0,37.0,37.0,37.0,124.0,320.0,320.0,84.0,124.0,268.0,285.0,285.0,147.0,367.0,367.0,208.0,285.0,285.0,285.0,285.0,285.0,261.0,147.0,84.0,285.0,285.0,261.0,285.0,367.0,166.0,268.0,285.0,285.0,285.0,367.0,173.0,320.0,285.0,268.0,320.0,285.0,166.0,268.0,124.0,367.0,84.0,261.0,84.0,285.0,67.0,0.0,7.0,221.0,221.0,221.0,221.0,221.0,221.0,221.0,106.0,163.0,106.0,45.0,106.0,106.0,111.0,41.0,41.0,41.0,51.0,90.0,301.0,301.0,301.0
D10-JJJ-22,520.0,611.0,520.0,171.0,52.0,873.0,547.0,873.0,873.0,547.0,873.0,873.0,873.0,873.0,873.0,873.0,873.0,570.0,855.0,855.0,32.0,887.0,887.0,359.0,0.0,112.0,359.0,360.0,39.0,64.0,0.0,1843.0,1843.0,1843.0,1843.0,640.0,640.0,1843.0,1843.0,61.0,214.0,171.0,171.0,171.0,214.0,171.0,214.0,214.0,105.0,105.0,105.0,105.0,358.0,750.0,750.0,249.0,358.0,622.0,517.0,517.0,394.0,610.0,610.0,607.0,517.0,517.0,517.0,517.0,517.0,608.0,394.0,0.0,517.0,517.0,608.0,517.0,610.0,342.0,622.0,517.0,517.0,517.0,610.0,356.0,750.0,517.0,622.0,750.0,517.0,342.0,622.0,358.0,610.0,249.0,608.0,249.0,517.0,178.0,29.0,29.0,798.0,798.0,798.0,798.0,798.0,798.0,798.0,478.0,636.0,478.0,70.0,478.0,478.0,571.0,131.0,131.0,131.0,128.0,442.0,769.0,769.0,769.0
D10-JJJ-30,14.0,11.0,14.0,0.0,3.0,11.0,13.0,11.0,0.0,13.0,0.0,11.0,11.0,11.0,11.0,0.0,11.0,10.0,0.0,13.0,4.0,17.0,17.0,5.0,4.0,2.0,5.0,7.0,1.0,6.0,6.0,0.0,0.0,20.0,20.0,0.0,13.0,0.0,0.0,2.0,7.0,5.0,5.0,5.0,7.0,5.0,7.0,7.0,0.0,0.0,0.0,3.0,8.0,15.0,15.0,7.0,8.0,0.0,0.0,0.0,8.0,0.0,11.0,15.0,0.0,0.0,0.0,0.0,0.0,0.0,0.0,7.0,0.0,0.0,0.0,8.0,0.0,10.0,9.0,8.0,0.0,0.0,0.0,0.0,0.0,8.0,9.0,15.0,0.0,10.0,9.0,8.0,0.0,7.0,0.0,0.0,8.0,4.0,2.0,2.0,0.0,0.0,0.0,0.0,0.0,17.0,0.0,7.0,7.0,7.0,6.0,7.0,7.0,0.0,4.0,4.0,0.0,4.0,19.0,38.0,38.0,38.0
D10-JJJ-44,332.0,355.0,332.0,96.0,17.0,394.0,0.0,394.0,394.0,0.0,394.0,394.0,394.0,394.0,394.0,394.0,394.0,428.0,534.0,534.0,87.0,621.0,621.0,201.0,158.0,108.0,201.0,222.0,29.0,110.0,110.0,1189.0,1189.0,1189.0,1189.0,0.0,374.0,1189.0,1189.0,41.0,152.0,113.0,0.0,0.0,152.0,113.0,152.0,152.0,97.0,97.0,97.0,97.0,175.0,537.0,537.0,0.0,175.0,467.0,439.0,439.0,207.0,657.0,657.0,246.0,439.0,439.0,439.0,439.0,439.0,426.0,0.0,71.0,439.0,439.0,426.0,439.0,657.0,289.0,467.0,439.0,439.0,439.0,657.0,330.0,537.0,439.0,467.0,537.0,439.0,289.0,467.0,175.0,657.0,71.0,426.0,71.0,439.0,91.0,6.0,6.0,361.0,361.0,361.0,361.0,361.0,0.0,361.0,203.0,259.0,203.0,152.0,203.0,203.0,117.0,0.0,62.0,0.0,110.0,45.0,205.0,205.0,205.0
D10-JJJ-29,5.0,5.0,5.0,0.0,1.0,5.0,2.0,5.0,0.0,2.0,0.0,0.0,5.0,0.0,5.0,0.0,5.0,2.0,2.0,2.0,0.0,2.0,2.0,0.0,0.0,0.0,0.0,1.0,1.0,0.0,0.0,20.0,20.0,20.0,20.0,0.0,7.0,20.0,20.0,0.0,0.0,0.0,0.0,0.0,1.0,0.0,1.0,1.0,0.0,0.0,0.0,0.0,0.0,0.0,0.0,0.0,0.0,1.0,1.0,0.0,0.0,0.0,0.0,0.0,1.0,1.0,0.0,0.0,0.0,1.0,0.0,0.0,1.0,1.0,1.0,0.0,0.0,0.0,1.0,0.0,1.0,0.0,0.0,0.0,0.0,0.0,1.0,0.0,1.0,0.0,1.0,0.0,0.0,1.0,1.0,0.0,0.0,1.0,0.0,0.0,0.0,0.0,0.0,0.0,0.0,0.0,0.0,2.0,5.0,2.0,0.0,2.0,2.0,3.0,0.0,0.0,0.0,0.0,6.0,6.0,6.0,6.0
D10-JJJ-12,0.0,1.0,0.0,0.0,0.0,0.0,1.0,0.0,0.0,1.0,0.0,0.0,0.0,0.0,0.0,0.0,0.0,0.0,0.0,0.0,0.0,0.0,0.0,0.0,0.0,0.0,0.0,0.0,0.0,0.0,0.0,1.0,1.0,1.0,1.0,0.0,0.0,1.0,1.0,0.0,0.0,0.0,0.0,0.0,0.0,0.0,0.0,0.0,0.0,0.0,0.0,0.0,0.0,0.0,0.0,0.0,0.0,0.0,0.0,0.0,0.0,0.0,0.0,0.0,0.0,0.0,0.0,0.0,0.0,0.0,0.0,0.0,0.0,0.0,0.0,0.0,0.0,0.0,0.0,0.0,0.0,0.0,0.0,1.0,1.0,0.0,0.0,0.0,0.0,0.0,0.0,0.0,0.0,0.0,0.0,0.0,0.0,0.0,0.0,0.0,0.0,0.0,0.0,0.0,0.0,0.0,0.0,0.0,0.0,0.0,0.0,0.0,0.0,0.0,1.0,1.0,1.0,0.0,0.0,0.0,0.0,0.0
D10-JJJ-35,129.0,126.0,129.0,0.0,1.0,163.0,0.0,163.0,0.0,0.0,0.0,163.0,163.0,163.0,163.0,0.0,163.0,198.0,249.0,249.0,12.0,261.0,261.0,88.0,0.0,36.0,88.0,91.0,0.0,16.0,16.0,290.0,290.0,290.0,290.0,0.0,161.0,290.0,290.0,14.0,0.0,38.0,38.0,38.0,55.0,38.0,55.0,55.0,26.0,26.0,26.0,26.0,71.0,174.0,174.0,0.0,71.0,149.0,106.0,106.0,90.0,187.0,187.0,0.0,106.0,106.0,0.0,0.0,0.0,164.0,0.0,18.0,106.0,106.0,164.0,106.0,187.0,99.0,149.0,106.0,106.0,106.0,187.0,84.0,174.0,106.0,149.0,174.0,106.0,99.0,149.0,71.0,187.0,18.0,164.0,18.0,106.0,29.0,6.0,6.0,202.0,202.0,202.0,202.0,202.0,0.0,202.0,60.0,107.0,60.0,16.0,60.0,60.0,68.0,24.0,24.0,24.0,29.0,30.0,141.0,141.0,141.0
D10-JJJ-41,0.0,0.0,0.0,0.0,0.0,0.0,0.0,0.0,0.0,0.0,0.0,0.0,0.0,0.0,0.0,0.0,0.0,0.0,0.0,0.0,0.0,0.0,0.0,0.0,0.0,0.0,0.0,0.0,0.0,0.0,0.0,4.0,4.0,4.0,4.0,0.0,0.0,4.0,4.0,0.0,0.0,0.0,0.0,0.0,0.0,0.0,0.0,0.0,0.0,0.0,0.0,0.0,0.0,0.0,0.0,0.0,0.0,1.0,0.0,0.0,0.0,0.0,0.0,0.0,0.0,0.0,0.0,0.0,0.0,1.0,0.0,0.0,0.0,0.0,0.0,0.0,0.0,0.0,0.0,0.0,0.0,0.0,0.0,0.0,0.0,0.0,0.0,0.0,0.0,0.0,0.0,0.0,0.0,0.0,1.0,0.0,0.0,0.0,0.0,0.0,2.0,2.0,2.0,2.0,2.0,2.0,2.0,0.0,0.0,0.0,0.0,0.0,0.0,0.0,0.0,0.0,0.0,0.0,0.0,0.0,0.0,0.0
D10-JJJ-39,30.0,34.0,0.0,0.0,0.0,48.0,0.0,48.0,0.0,0.0,0.0,48.0,48.0,48.0,48.0,0.0,48.0,42.0,60.0,60.0,8.0,68.0,68.0,24.0,11.0,10.0,0.0,19.0,2.0,11.0,11.0,0.0,0.0,89.0,89.0,0.0,35.0,0.0,0.0,7.0,12.0,15.0,15.0,15.0,12.0,15.0,12.0,12.0,0.0,0.0,0.0,0.0,0.0,57.0,57.0,0.0,0.0,45.0,0.0,0.0,27.0,69.0,69.0,0.0,0.0,0.0,0.0,0.0,0.0,40.0,27.0,0.0,0.0,0.0,40.0,48.0,0.0,25.0,45.0,48.0,48.0,0.0,69.0,30.0,0.0,48.0,45.0,57.0,0.0,25.0,45.0,0.0,0.0,0.0,40.0,4.0,48.0,8.0,0.0,0.0,0.0,0.0,0.0,0.0,0.0,47.0,0.0,20.0,20.0,20.0,0.0,20.0,20.0,16.0,5.0,5.0,5.0,8.0,7.0,42.0,42.0,42.0
D10-JJJ-14,23.0,52.0,23.0,0.0,16.0,48.0,37.0,48.0,0.0,37.0,0.0,0.0,48.0,0.0,48.0,0.0,48.0,37.0,58.0,58.0,6.0,64.0,64.0,34.0,0.0,22.0,34.0,4.0,7.0,0.0,12.0,242.0,242.0,242.0,242.0,0.0,23.0,242.0,242.0,1.0,0.0,9.0,9.0,9.0,39.0,9.0,39.0,39.0,12.0,12.0,12.0,12.0,17.0,27.0,27.0,0.0,17.0,32.0,0.0,19.0,0.0,0.0,19.0,27.0,0.0,0.0,0.0,0.0,0.0,0.0,14.0,10.0,0.0,19.0,29.0,19.0,0.0,10.0,32.0,19.0,0.0,19.0,0.0,13.0,27.0,19.0,32.0,27.0,19.0,10.0,32.0,17.0,0.0,0.0,0.0,0.0,19.0,5.0,7.0,7.0,63.0,63.0,63.0,63.0,63.0,0.0,63.0,21.0,29.0,21.0,1.0,21.0,21.0,60.0,0.0,19.0,19.0,34.0,21.0,59.0,59.0,59.0
D10-JJJ-31,4.0,4.0,4.0,0.0,1.0,6.0,4.0,6.0,0.0,4.0,0.0,0.0,6.0,0.0,6.0,0.0,6.0,5.0,0.0,0.0,0.0,0.0,0.0,0.0,3.0,1.0,0.0,3.0,0.0,1.0,1.0,0.0,0.0,31.0,31.0,0.0,8.0,0.0,0.0,0.0,0.0,3.0,3.0,3.0,1.0,3.0,1.0,1.0,2.0,2.0,2.0,2.0,4.0,6.0,6.0,0.0,4.0,0.0,1.0,0.0,3.0,0.0,0.0,4.0,1.0,1.0,0.0,0.0,0.0,1.0,3.0,0.0,1.0,1.0,1.0,0.0,0.0,1.0,0.0,0.0,1.0,0.0,0.0,0.0,6.0,0.0,0.0,6.0,1.0,1.0,0.0,4.0,0.0,0.0,1.0,0.0,0.0,1.0,0.0,0.0,0.0,0.0,0.0,0.0,0.0,13.0,0.0,7.0,7.0,7.0,0.0,7.0,7.0,0.0,1.0,1.0,1.0,1.0,8.0,11.0,11.0,11.0
D10-JJJ-51,282.0,282.0,282.0,97.0,7.0,298.0,248.0,298.0,298.0,0.0,298.0,298.0,298.0,298.0,298.0,298.0,298.0,385.0,459.0,459.0,85.0,544.0,544.0,211.0,138.0,107.0,211.0,180.0,8.0,76.0,76.0,747.0,747.0,747.0,747.0,0.0,169.0,747.0,747.0,41.0,149.0,122.0,0.0,0.0,149.0,122.0,149.0,149.0,92.0,92.0,92.0,92.0,114.0,439.0,439.0,28.0,114.0,375.0,357.0,357.0,161.0,534.0,534.0,142.0,357.0,357.0,357.0,357.0,357.0,302.0,161.0,28.0,357.0,357.0,302.0,357.0,534.0,205.0,375.0,357.0,357.0,357.0,534.0,278.0,439.0,357.0,375.0,439.0,357.0,205.0,375.0,114.0,534.0,0.0,302.0,28.0,357.0,58.0,0.0,4.0,288.0,0.0,288.0,288.0,288.0,288.0,288.0,104.0,184.0,104.0,0.0,104.0,104.0,44.0,53.0,53.0,53.0,80.0,10.0,137.0,137.0,137.0
D10-JJJ-37,167.0,205.0,167.0,72.0,16.0,217.0,178.0,217.0,217.0,0.0,217.0,217.0,217.0,217.0,217.0,217.0,217.0,191.0,256.0,256.0,41.0,297.0,297.0,143.0,90.0,64.0,142.0,130.0,16.0,55.0,55.0,515.0,515.0,515.0,515.0,214.0,214.0,515.0,515.0,34.0,87.0,56.0,0.0,0.0,87.0,56.0,87.0,0.0,0.0,0.0,0.0,38.0,124.0,300.0,300.0,0.0,124.0,249.0,245.0,245.0,134.0,313.0,313.0,196.0,245.0,245.0,245.0,245.0,245.0,223.0,0.0,0.0,245.0,245.0,223.0,245.0,313.0,140.0,249.0,245.0,245.0,245.0,313.0,166.0,300.0,245.0,249.0,300.0,245.0,140.0,249.0,124.0,313.0,0.0,223.0,72.0,245.0,55.0,4.0,4.0,179.0,0.0,179.0,179.0,179.0,179.0,179.0,122.0,143.0,122.0,70.0,122.0,122.0,95.0,37.0,37.0,37.0,61.0,80.0,275.0,275.0,275.0
